Library System,Branch Name,1x Branch Unique ID,School District Served,Phone,Physical Address,City,Province,Postal Code,Latitude,Longitude,"460x Total branch physical materials, volumes held",556x Branch circulation of print and other physical materials,565x Branch circulation of children's materials,610x Branch reference transactions,775x In person visits to this branch or service point,680x Branch in-library adult programs,682x Branch outreach adult programs,690x Attendance at adult programs,700x Branch in-library children's programs,702x Branch outreach children's programs,710x Attendance at children's programs,715x Branch in-library young adult programs,717x Branch outreach young adult programs,716x Attendance at young adult programs,"671x Branch in-library newcomer/ELL programs, all ages","673x Branch outreach newcomer/ELL programs, all ages",672x Attendance at branch newcomer/ELL programs,"740x Professional Librarians, hours worked at this branch","742x Library Technicians, hours worked at this branch","752x Community Librarians, hours worked at this branch","770x Other Staff, hours worked at this branch",975x Number of photocopiers in library branch,852x Is this location LEED certified?,854x Is this location a Shared Space facility?,"860x Branch space/size, total square metres",890x Hours open per year at this location,920x Days open per year at this location
Alert Bay Public Library & Museum,Alert Bay Public Library & Museum,BABM001,85,(250) 974-5721,118 Fir Street,Alert Bay,BC,V0N 1A0,50.577201,-126.90657,9271,2394,401,2159,4164,0,1,21,0,4,304,0,0,0,0,0,0,0,0,786,444,1,No,No,213.36,686,209
Beaver Valley Public Library,Beaver Valley Public Library,BFBV001,20,(250) 367-7114,1847 - 1st Street,Fruitvale,BC,V0G 1L0,49.11381,-117.550079,24877,20249,5130,10200,16250,9,0,76,133,16,1608,0,0,0,0,0,0,n.a.,n.a.,4940,1350,1,No,No,270,2320,321
Bowen Island Public Library,Bowen Island Public Library,BBI001,45,(604) 947-9788,430 Bowen Island Trunk,Bowen Island,BC,V0N 1G0,49.379668,-123.333937,14715,33330,13899,6145,34850,531,2,1006,64,15,787,0,0,0,0,0,0,2381,0,1157,2265,1,No,No,209,1803,259
Burnaby Public Library,Bob Prittie Metrotown Branch,BB001,41,(604) 436-5427,6100 Willingdon Avenue,Burnaby,BC,V5H 4N5,49.228683,-123.006456,400959,1153067,473222,97099,735362,113,23,2948,373,44,20295,13,n.d.,165,38,n.d.,752,47193,987,n.a.,106233,4,No,No,5673,3612,339
Burnaby Public Library,Cameron,BB002,41,(604) 421-5454,9523 Cameron Street,Burnaby,BC,V3J 1L6,49.253462,-122.899745,56945,452763,225755,22239,245161,45,9,1264,224,13,10413,10,n.d.,67,2,n.d.,15,6272,n.a.,n.a.,16060,1,No,Yes,465,2901,341
Burnaby Public Library,Tommy Douglas Branch,BB004,41,(604) 522-3971,7311 Kingsway,Burnaby,BC,V5E 1G8,49.281898,-123.000644,89334,560440,295258,38983,378819,263,26,6072,125,33,8308,15,n.d.,94,56,n.d.,483,9528,n.a.,n.a.,26457,1,Yes,No,1627.5,3329,341
Burnaby Public Library,McGill,BB003,41,(604) 299-8955,4595 Albert St,Burnaby,BC,V5C 2G6,49.218365,-122.953688,161339,813101,392158,40882,434104,162,11,4214,254,37,13961,20,n.d.,316,21,n.d.,298,13272,n.a.,n.a.,29405,1,No,No,1860,3329,341
Burns Lake Public Library,Burns Lake Public Library,BBUL001,91,(250) 692-3192,585 Government Street,Burns Lake,BC,V0J 1E0,54.231245,-125.764894,45163,52319,12484,5200,41637,28,3,147,136,5,1567,2,1,241,0,0,0,0,0,3224,5668,1,No,No,684,2215,296
Cariboo Regional District Library System,Alexis Creek,BWLC002,27,(250) 394-4346,7651 Yells Road,Alexis Creek,BC,V0L 1A0,52.08521,-123.276801,6051,922,311,130,674,0,0,0,0,0,0,0,0,0,0,0,0,0,0,0,416,1,No,Yes,15,388,97
Cariboo Regional District Library System,Anahim Lake,BWLC003,27,(250) 742- 2056,"Unit #1 - 2409 Whispering Pines Trailer Court, Hwy 20",Anahim Lake,BC,V0L 1C0,52.459101,-125.301491,4864,916,97,0,795,0,0,0,0,0,0,0,0,0,0,0,0,0,0,0,416,1,No,No,89,402,102
Cariboo Regional District Library System,Big Lake,BWLC004,59,(250) 243-2355,4056 Lakeview Rd,Big Lake,BC,V0L 1G0,52.41529,-121.847499,7062,5555,1708,520,2148,0,0,0,0,0,0,0,0,0,0,0,0,0,0,0,624,1,No,Yes,28,536,104
Cariboo Regional District Library System,Bridge Lake,BWLC005,27,(250 593-4545,7567 Bridge Lake Road,Bridge Lake,BC,V0K 1E0,51.53757,-120.786749,5114,2297,578,327,1993,0,0,0,0,0,0,0,0,0,0,0,0,0,0,0,624,1,No,Yes,83,468,117
Cariboo Regional District Library System,Forest Grove,BWLC006,27,(250) 397-2927,4485 Eagle Creek Road,Forest Grove,BC,V0K 1M0,51.84176,-121.024609,4471,2839,209,56,1544,0,0,0,0,0,0,0,0,0,0,0,0,0,0,0,520,1,No,Yes,76,500,100
Cariboo Regional District Library System,Horsefly,BWLC007,27,(250) 620-3345,5779 Walters Drive,Horsefly,BC,V0L 1L0,52.333719,-121.420555,7122,5121,648,423,3086,0,0,0,0,0,0,0,0,0,0,0,0,0,0,0,624,1,No,No,89,624,156
Cariboo Regional District Library System,Lac La Hache,BWLC008,27,(250) 396-7642,4787 Clark Avenue,Lac La Hache,BC,V0K 1T0,51.82892,-121.533203,6235,1178,160,22,601,0,0,0,0,0,0,0,0,0,0,0,0,0,0,0,620,1,No,Yes,89,495,99
Cariboo Regional District Library System,Likely,BWLC009,27,(250) 790-2234,6163 Keithly Creek Road,Likely,BC,V0L 1N0,52.621083,-121.535935,7192,1617,655,0,688,7,0,28,58,0,376,0,0,0,0,0,0,0,0,0,419,1,No,No,89,408,102
Cariboo Regional District Library System,McLeese Lake,BWLC010,27,(250) 297-6533,6749 Highway 97 N,McLeese Lake,BC,V0L 1P0,52.409823,-122.286079,3856,349,24,0,512,0,0,0,0,0,0,0,0,0,0,0,0,0,0,0,520,1,No,No,54,390,78
Cariboo Regional District Library System,Nazko,BWLC011,28,(250) 249-5289,1351 Palmer Road,Quesnel,BC,V2J 3H9,52.945292,-123.577625,7896,1450,115,0,666,0,0,0,0,0,0,0,0,0,0,0,0,0,0,0,416,1,No,No,71,368,92
Cariboo Regional District Library System,Tatla Lake,BWLC013,27,(250) 476-3424,16451 Chilcotin Highway 20,Tatla Lake,BC,V0L 1V0,51.9052811,-124.5945904,6596,3980,672,110,1659,0,0,0,22,0,106,0,0,0,0,0,0,0,0,0,624,1,No,Yes,56,612,102
Cariboo Regional District Library System,100 Mile House Branch,BWLC001,27,(250) 395-2332,449 S. Birch Avenue,100 Mile House,BC,V0K 2E0,51.64139,-121.29562,38612,96893,13720,13590,69222,5,14,99,232,1,915,0,0,0,0,0,0,0,3640,0,7778,1,No,No,815,2194,239
Cariboo Regional District Library System,Quesnel Branch,BWLC012,28,(250) 992-7912,101 - #410 Kinchant Street,Quesnel,BC,V2J 7J5,52.979328,-122.493927,70910,100327,18182,8959,62504,44,0,671,172,0,2233,10,0,43,0,0,0,1820,1820,0,8402,1,No,Yes,1171,2288,260
Cariboo Regional District Library System,Wells Branch,BWLC014,28,(250) 994-3424,4269 Saunders Avenue,Wells,BC,V0K 2R0,53.104898,-121.572226,8473,1285,252,370,1197,1,0,2,36,0,144,0,0,0,0,0,0,0,0,0,624,1,No,Yes,84,624,208
Cariboo Regional District Library System,Williams Lake,BWLC015,27,(250) 392-3630,Suite A - 180 North 3rd Avenue,Williams Lake,BC,V2G 2A4,52.13175,-122.139817,76984,116141,26945,4027,153831,52,19,444,80,3,851,1,0,11,0,0,0,1820,1820,0,8792,1,No,Yes,998,2204,250
Castlegar & District Public Library,Castlegar & District Public Library,BCD001,20,(250) 365-6611,1005 Third Street,Castlegar,BC,V1N 2A2,49.326463,-117.663205,70890,118398,42915,2420,83092,151,49,714,165,58,2698,18,7,203,76,0,117,1820,3990,4620,1714,1,No,No,1222,2864,325
Chetwynd Public Library,Chetwynd Public Library,BCHE001,59,(250) 788-2559,5012 - 46th Street,Chetwynd,BC,V0C 1J0,55.695967,-121.613889,26895,24091,11813,12089,60658,161,22,1397,288,11,2873,6,3,802,1,0,50,0,0,7348,3632,1,No,No,724,3133,349
Coquitlam Public Library,Poirier Branch,BCOQ002,43,(604) 937-4141,575 Poirier Street,Coquitlam,BC,V3J 6A9,49.253185,-122.846541,87644,473754,266209,14659,289201,124,12,1555,147,92,11941,45,11,3120,41,12,975,14168,3529,n.a.,37335,4,No,No,2200,3386,349
Coquitlam Public Library,City Centre Branch,BCOQ001,43,(604) 554-7323,1169 Pinetree Way,Coquitlam,BC,V3B 0Y1,49.284268,-122.79557,73985,549389,215399,27692,535077,371,12,6820,325,78,35482,85,4,3200,238,10,5508,11428,2160,n.a.,20525,3,No,No,3205,3386,349
Coquitlam Public Library,Library Link,BCOQ003,43,n.d.,n.d.,Coquitlam,BC,n.d.,49.284268,-122.79555,1961,33954,30849,n.a.,10534,n.a.,n.a.,n.a.,n.a.,n.a.,n.a.,n.a.,n.a.,n.a.,n.a.,n.a.,n.a.,n.a.,n.a.,n.a.,1571,0,No,No,12,231,98
Cranbrook Public Library,Cranbrook Public Library,BCR001,5,(250) 426-4063,1212 2nd Street N,Cranbrook,BC,V1C 4T6,49.513908,-115.764565,67511,170373,56408,11330,130342,378,24,2130,302,11,8039,8,0,118,n.a.,n.a.,n.a.,2576,1356,2912,14326,2,No,Yes,1298,3369,348
Creston Public Library Association,Creston Public Library Association,BCRE001,8,(250) 428-4141,531 - 16th Avenue S,Creston,BC,V0B 1G5,49.090049,-116.505477,37277,110035,29447,6950,67895,139,24,1979,293,36,6407,24,6,124,2,0,12,1680,0,0,9329,1,No,Yes,836,1950,260
Dawson Creek Municipal Public Library,Dawson Creek Municipal Public Library,BDC001,59,(250) 782-4661,1001 McKellar Avenue,Dawson Creek,BC,V1G 4W7,55.753764,-120.234247,71703,56151,n.d.,3650,n.d.,27,2,666,124,4,2484,5,0,112,0,0,0,0,0,0,14104,3,No,No,939,2741,349
Elkford Public Library,Elkford Public Library,BELK001,5,(250) 865-2912,816 Michel Road,Elkford,BC,V0B 1H0,50.024766,-114.921278,27054,6444,3025,850,6600,0,3,150,3,2,350,0,2,146,0,0,0,0,0,2994,528,1,No,Yes,252,1683,255
Fernie Public Library,Fernie Public Library,BF001,5,(250) 423-4458,492 Third Avenue,Fernie,BC,V0B 1M0,49.503354,-115.06284,38180,54365,25442,26450,79900,44,59,1285,326,44,12436,10,3,85,1,2,16,0,0,4800,1800,2,No,Yes,810,2200,275
Fort Nelson Public Library,Fort Nelson Public Library,BFN001,81,(250) 774-6777,5315 - 50th Avenue S,Fort Nelson,BC,V0C 1R0,58.80442,-122.706149,38832,41373,16505,2280,27292,39,3,702,136,20,2570,25,0,296,0,0,0,1820,0,0,8872,2,No,No,655,2440,350
Fort St. James Centennial Library,Fort St. James Centennial Library,BFSJA001,91,(250) 996-7431,425 Manson Street,Fort St. James,BC,V0J 1P0,54.445248,-124.255224,15812,16722,3716,7000,18650,12,1,182,30,0,399,0,0,0,12,0,157,1466,0,1820,1297,2,No,No,372,1561,248
Fort St. John Public Library Association,Fort St. John Public Library Association,BFSJ001,60,(250) 785-3731,10015 - 100th Avenue,Fort St. John,BC,V1J 1Y7,56.246452,-120.848044,69501,100704,54964,2983,82812,21,12,3571,161,100,9699,11,1,129,9,9,390,2080,1560,0,12412,1,No,Yes,720,2441,289
Fraser Lake Public Library,Fraser Lake Public Library,BFRL001,91,(250) 699-8888,280 Endako Avenue,Fraser Lake,BC,V0J 1S0,54.056412,-124.846697,21809,10099,2160,2340,7200,52,16,488,77,8,1066,0,0,0,0,0,0,0,0,0,4381,1,No,No,3600,1664,260
Fraser Valley Regional Library,Administrative Centre,BABF001,34,1 (888) 668-4141,34589 Delair Rd,Abbotsford,BC,V2S 5Y1,49.036617,-122.266378,32699,104774,3371,n.d.,n.a.,n.a.,129,3985,1,1,38,n.a.,4,229,n.a.,n.a.,n.a.,22804,8415,0,62246,6,No,No,2521,2223,247
Fraser Valley Regional Library,Abbotsford Community Library,BABF016,34,(604) 853-1753,33660 South Fraser Way,Abbotsford,BC,V2S 2B9,49.055028,-122.328655,37911,322086,147257,10455,125289,134,20,4098,48,25,2851,4,1,272,6,1,168,1818,3978,0,10371,2,No,Yes,1022,3004,339
Fraser Valley Regional Library,Agassiz Library,BABF002,78,(604) 796-9510,7140 Cheam Ave,Agassiz,BC,V0M 1A0,49.243554,-121.992562,20206,85982,19965,2696,64000,59,32,3338,42,18,1534,10,2,227,n.a.,n.a.,n.a.,221,1731,0,2961,2,No,No,418,2024,254
Fraser Valley Regional Library,Aldergrove Library,BABF003,35,(604) 856-6415,26770-29th Avenue,Aldergrove,BC,V4W 3B8,49.055541,-122.481863,24935,136939,54870,5946,65700,50,3,1750,91,12,1782,14,0,153,2,0,32,0,3925,0,4193,2,No,No,372,2863,297
Fraser Valley Regional Library,Boston Bar Library,BABF004,78,(604) 867-8847,47643 Old Boston Bar Road,Boston Bar,BC,V0K 1C0,49.860949,-121.440379,9982,11880,2304,3037,3426,8,10,217,12,2,198,2,0,31,0,0,0,52,0,0,1051,1,No,No,93,618,103
Fraser Valley Regional Library,Brookswood Library,BABF005,35,(604) 534-7055,20045 - 40th Avenue,Langley,BC,V3A 2W2,49.074725,-122.668615,14728,69399,27253,4986,43197,31,9,1501,68,3,1935,0,0,0,0,0,0,0,2703,0,2097,1,No,No,186,2018,254
Fraser Valley Regional Library,Chilliwack Library,BABF006,33,(604) 792-1941,45860 First Avenue,Chilliwack,BC,V2P 7K1,49.168253,-121.955032,61430,518248,159601,20470,239079,353,5,10954,190,87,8994,13,3,358,43,0,523,4063,6840,0,15480,2,No,No,1440,3082,339
Fraser Valley Regional Library,Clearbrook Library,BABF008,34,(604) 859-7814,32320 George Ferguson Way,Abbotsford,BC,V2T 6N4,49.052125,-122.345235,88142,802760,348846,31427,329263,232,9,4053,298,73,20738,32,3,910,54,2,962,7993,12216,0,17103,3,No,No,1858,3157,339
Fraser Valley Regional Library,Fort Langley Library,BABF009,35,(604) 888-0722,9167 Glover Road,Fort Langley,BC,V1M 2R6,49.169014,-122.579297,10300,47884,18065,2622,32606,77,3,2861,35,3,782,0,0,0,0,0,0,0,16,0,2462,1,No,Yes,84,1622,254
Fraser Valley Regional Library,George Mackie Library,BABF010,37,(604) 594-8155,8440 - 112th Street,Delta,BC,V4C 4W9,49.156793,-122.912391,43130,287762,120284,16703,95650,189,11,3011,251,58,9876,19,1,659,28,0,116,2993,7763,0,8788,2,No,No,1059,3115,339
Fraser Valley Regional Library,Hope Library,BABF011,78,(604) 869-2313,1005 - 6th Avenue,Hope,BC,V0X 1L0,49.377998,-121.431461,16987,70701,15574,2993,48680,132,27,3231,49,13,1823,2,0,15,n.a.,n.a.,n.a.,221,1985,0,2021,2,No,Yes,325,1873,296
Fraser Valley Regional Library,Ladner Pioneer Library,BABF012,37,(604) 946-6215,4683 - 51st Street,Delta,BC,V4K 2V8,49.087117,-123.08266,30379,211314,55216,1277,169950,229,11,2086,220,22,6929,7,8,303,46,0,340,1821,2820,0,7185,2,No,No,1115,3115,339
Fraser Valley Regional Library,Langley City Library,BABF007,35,(604) 514-2850,20399 Douglas Crescent,Langley,BC,V3A 4B3,49.103549,-122.65676,30115,216711,63683,14259,196550,178,6,3371,149,26,5523,7,0,68,14,0,206,3089,5134,0,10029,2,No,Yes,1228,3278,339
Fraser Valley Regional Library,Maple Ridge Public Library,BABF013,42,(604) 467-7417,130 - 22470 Dewdney Trunk Road,Maple Ridge,BC,V2X 5Z6,49.22046,-122.600057,69779,455933,161392,30557,355250,149,20,6810,229,70,21388,86,8,1374,22,4,138,9568,13355,0,8435,3,No,Yes,3429,3184,339
Fraser Valley Regional Library,Mission Library,BABF014,75,(604) 826-6610,33247 - 2nd Avenue,Mission,BC,V2V 1J7,49.135283,-122.303564,49192,321738,109850,6736,174812,91,7,3534,167,55,10872,14,0,266,n.a.,n.a.,n.a.,3299,8076,0,7471,2,No,No,1394,3031,339
Fraser Valley Regional Library,Mount Lehman Library,BABF015,34,(604) 856-4988,5875 Mt. Lehman Road,Abbotsford,BC,V4X 1V5,49.109047,-122.381877,3981,14582,6646,383,4292,54,0,503,2,0,55,n.a.,n.a.,n.a.,n.a.,n.a.,n.a.,0,5,0,1026,1,No,Yes,46,808,204
Fraser Valley Regional Library,Muriel Arnason Library,BABF017,35,(604) 532-3590,130 - 20338 65th Avenue,Langley,BC,V2Y 2X3,49.12069,-122.656765,31222,219267,112017,6950,90362,94,4,1985,111,35,5046,4,0,80,6,0,92,3661,1708,0,5401,2,No,No,530,3031,339
Fraser Valley Regional Library,Murrayville Library,BABF018,35,(604) 533-0339,Unit 100 - 22071 48th Avenue,Langely,BC,V3A 3N1,49.089422,-122.612315,26967,173498,62429,3097,76073,161,3,2231,31,1,844,n.a.,n.a.,n.a.,n.a.,n.a.,n.a.,1729,1947,0,6627,2,No,No,768,3031,339
Fraser Valley Regional Library,Pitt Meadows Public Library,BABF019,42,(604) 465-4113,12047 Harris Road,Pitt Meadows,BC,V3Y 1Z2,49.221363,-122.68959,24836,130973,52279,7236,76350,108,11,4443,149,28,5196,n.a.,1,180,15,0,97,3990,1634,0,7589,2,No,Yes,1059,2917,339
Fraser Valley Regional Library,Sardis Library,BABF020,33,(604) 858-5503 ,5819 Tyson Road,Sardis,BC,V2R 3R6,49.10726,-121.977412,39142,361401,160131,5815,152900,311,7,5440,160,45,10086,10,0,215,76,0,773,1834,3431,0,9009,2,No,No,975,3082,339
Fraser Valley Regional Library,Terry Fox Library,BABF021,43,(604) 927-7999,2470 Mary Hill Road,Port Coquitlam,BC,V3C 3B1,49.260305,-122.778532,52682,363247,141688,10820,124075,219,51,7638,217,111,13968,15,2,520,52,1,959,3155,7950,0,9643,2,No,No,1394,2925,339
Fraser Valley Regional Library,Tsawwassen Library,BABF022,37,(604) 943-2271,1321A - 56th Street,Delta,BC,V4L 2A6,49.026996,-123.068683,31243,215398,60105,11205,375850,199,11,3786,157,28,7199,3,1,266,4,0,89,1746,3913,0,6029,2,No,No,736,2927,339
Fraser Valley Regional Library,Walnut Grove Library,BABF023,35,(604) 882-0410,8889 Walnut Grove Drive,Langley,BC,V1M 2N7,49.163691,-122.640499,31796,313242,176772,8737,221125,23,1,651,105,28,4962,2,0,59,14,0,62,3769,3575,0,6864,2,No,No,557,3235,339
Fraser Valley Regional Library,White Rock Library,BABF024,36,(604) 541-2201,15342 Buena Vista Avenue,White Rock,BC,V4B 1Y6,49.023902,-122.796236,30784,193767,22979,6741,118281,262,7,4865,185,2,4031,2,0,206,n.a.,n.a.,n.a.,448,4867,0,6354,2,No,Yes,934,2823,339
Fraser Valley Regional Library,Yale Library,BABF025,78,(604) 863-2279,65050 Albert Street,Yale,BC,V0K 2S0,49.56175,-121.431384,4795,7029,1070,2010,2286,18,0,145,5,0,15,n.a.,n.a.,n.a.,n.a.,n.a.,n.a.,52,0,0,1039,1,No,Yes,30,534,100
Fraser Valley Regional Library,Yarrow Library,BABF026,33,(604) 823-4664,4670 Community Street,Yarrow,BC,V2R 5E1,49.086416,-122.052378,10102,38713,19162,1423,20617,17,3,1045,62,2,1894,9,0,9,,,,0,1217,0,1991,1,No,No,112,1327,203
Gibsons & District Public Library,Gibsons & District Public Library,BGI001,46,(604) 886-2130,470 S Fletcher Road,Gibsons,BC,V0N 1V0,49.398917,-123.511436,35808,148351,34962,19300,106457,301,23,3569,105,8,1871,21,3,143,0,0,0,2558,2794,0,7432,3,No,No,648,2362,315
Grand Forks & District Public Library,Grand Forks & District Public Library,BGF001,51,(250) 442-3944,7342 Fifth Avenue,Grand Forks,BC,V0H 1H0,49.032346,-118.441005,29351,71586,14094,24402,73702,311,20,2670,192,8,2761,26,0,100,0,0,0,1680,n.a.,n.a.,6448,1,No,Yes,540,2298,292
Granisle Public Library,Granisle Public Library,BGR001,91,(250) 697-2713,#2 Village Square -  McDonald Avenue,Granisle,BC,V0J 1W0,54.88542,-126.204987,12978,847,135,0,1220,0,0,0,1,1,n.d.,0,1,n.d.,0,0,0,0,0,0,1270,1,No,Yes,119,743,193
Greater Victoria Public Library,Langford Heritage Branch,BVI011,62,(250) 940-4875,102-1314 Lakepoint Way,Victoria,BC,V9B 0S2,48.4457,-123.533998,17337,98878,31282,4500,70046,2,0,83,49,1,1607,0,0,0,0,0,0,,n.a.,n.a.,8172,1,No,Yes,387,2673,330
Greater Victoria Public Library,Greater Victoria Public Central Library,BVI003,61,(250) 382-7241,735 Broughton Street,Victoria,BC,V8W 3H2,48.42369,-123.36447,178739,768263,168992,49250,659304,389,87,13454,213,79,9741,49,10,267,30,6,848,15179,n.a.,n.a.,52234,2,No,Yes,4520,3282,330
Greater Victoria Public Library,Bruce Hutchison Branch,BVI001,63,(250) 727-0104,4636 Elk Lake Drive,Saanich,BC,V8Z 7K2,48.500968,-123.386514,63737,380872,129993,8750,239572,23,0,268,150,39,6328,30,0,163,0,0,0,3676,n.a.,n.a.,19292,1,No,Yes,902,2982,330
Greater Victoria Public Library,Central Saanich Branch,BVI002,63,(250) 652-2013,1209 Clarke Road,Central Saanich,BC,V8M 1P8,48.576061,-123.449061,28591,167953,43911,4200,118657,16,1,237,55,32,3739,13,0,52,0,0,0,,n.a.,n.a.,7862,1,No,Yes,437,2964,330
Greater Victoria Public Library,Emily Carr Branch,BVI004,63,(250) 475-6100,3500 Blanshard Street,Saanich,BC,V8X 1W3,48.455637,-123.372717,34640,204027,65699,5550,131790,20,0,144,14,0,182,0,0,0,0,0,0,,n.a.,n.a.,12467,1,No,No,512,2676,330
Greater Victoria Public Library,Esquimalt Branch,BVI005,61,(250) 414-7198,1231 Esquimalt Road,Esquimalt,BC,V9A 3P1,48.429873,-123.409324,49282,222782,51027,7550,134535,18,14,1301,143,73,5787,27,0,83,0,0,0,3640,n.a.,n.a.,15088,1,No,Yes,802,2829,330
Greater Victoria Public Library,Juan de Fuca Branch,BVI007,62,(250) 391-0653,1759 Island Highway,Colwood,BC,V9B 1J1,48.447522,-123.465822,73428,396416,117400,13150,198958,48,10,1452,228,117,13361,39,0,215,0,0,0,8590,n.a.,n.a.,22495,1,No,Yes,1792,2982,330
Greater Victoria Public Library,Nellie McClung Branch,BVI008,63,(250) 477-7111,3950 Cedar Hill Road,Saanich,BC,V8P 3Z9,48.468443,-123.335387,89827,618309,204036,26700,289911,53,17,1063,202,73,9515,97,7,1519,2,0,58,6261,n.a.,n.a.,23624,1,No,No,1274,2829,330
Greater Victoria Public Library,Oak Bay Branch,BVI009,61,(250) 592-2489,1442 Monterey Avenue,Oak Bay,BC,V8S 4W1,48.425795,-123.314091,76784,588603,162587,19550,326429,51,9,4851,186,40,8101,37,0,224,0,0,0,1838,n.a.,n.a.,23969,1,No,Yes,1056,2829,330
Greater Victoria Public Library,Saanich Centennial Branch,BVI010,63,(250) 477-9030,3110 Tillicum Road,Saanich,BC,V9A 6T2,48.45227,-123.395259,60677,369435,124855,6250,208731,26,7,793,190,89,9721,68,3,618,0,0,0,127,1820,n.a.,16544,1,Yes,Yes,1163,2982,330
Greater Victoria Public Library,Goudy Branch,BVI006,62,(250) 391-5702,119 - 755 Goldstream Avenue,Langford,BC,V9B 2X4,48.448365,-123.497972,15384,118735,26918,2450,83662,1,0,62,33,1,453,0,0,0,0,0,0,291,n.a.,n.a.,6934,1,No,Yes,190,2652,350
Greenwood Public Library,Greenwood Public Library,BGRE001,51,(250) 445-6111,346 South Copper Street,Greenwood,BC,V0H 1J0,49.09655,-118.676719,11404,7312,669,135,4450,7,0,24,39,3,467,0,0,0,0,0,0,0,0,807,372,3,No,Yes,112,1031,193
Hazelton District Public Library,Hazelton District Public Library,BHA001,82,(250) 842-5961,4255 Government Street,Hazelton,BC,V0J 1Y0,55.2562774,-127.6772884,29189,11515,2334,3350,5850,15,6,395,62,52,459,1,0,9,0,0,n.a.,1274,0,0,3940,1,No,Yes,329,1686,292
Houston Public Library,Houston Public Library,BH001,54,(250) 845-2256,3150 - 14th Street,Houston,BC,V0J 1Z0,54.396495,-126.654854,18492,17311,5156,2980,17042,77,10,1840,44,11,1514,0,0,0,40,0,201,0,0,1902,2644,2,No,No,495,1776,251
Hudson's Hope Public Library,Hudson's Hope Public Library,BHH001,60,(250) 783-9414,9905 Dudley Drive,Hudson's Hope,BC,V0C 1V0,56.025816,-121.913228,16346,9006,4067,350,6600,5,5,323,178,1,582,27,0,129,0,0,0,0,0,2932,2843,4,No,No,210,1776,264
Invermere Public Library,Invermere Public Library,BIN001,6,(250) 342-6416,201 - 7th Avenue,Invermere,BC,V0A 1K0,50.50344,-116.027059,13452,37045,14274,8700,29400,146,22,640,244,36,7073,17,0,68,0,0,0,0,0,2746,4089,1,No,Yes,316,1976,260
Kaslo & District Public Library,Kaslo & District Public Library,BKASL001,8,(250) 353-2942,413 Fourth Street,Kaslo,BC,V0G 1M0,50.243665,-117.802664,16254,26678,9424,3350,17200,21,5,350,59,4,547,2,2,85,n.a.,n.a.,n.a.,0,0,2121,770,1,No,Yes,178,1300,202
Kimberley Public Library,Kimberley Public Library,BKI001,6,(250) 427-3112,115 Spokane Street,Kimberley,BC,V1A 2E5,49.686154,-115.984693,37153,46233,16206,,n.d.,10,5,430,8,2,1210,1,1,65,0,0,0,0,1950,870,3300,2,No,Yes,511,1977,250
Kitimat Public Library Association,Kitimat Public Library Association,BKIT001,82,(250) 632-8985,940 Wakashan Avenue,Kitimat,BC,V8C 2G3,54.051291,-128.651814,56673,29644,11247,12823,42507,128,3,457,73,8,2604,n.a.,n.a.,n.a.,1,n.a.,15,1820,936,0,8196,2,No,No,860,2610,301
Lillooet Area Public Library,Lillooet Public Library,BLP003,74,(250) 256-7944,Recreational Centre - 930 Main Street,Lillooet,BC,V0K 1V0,50.691476,-121.937524,18364,23796,n.d.,919,15549,38,,,30,80,1021,40,,845,1,,348,0,0,4112,950,1,No,Yes,244,1576,259
Lillooet Area Public Library,Bridge River Branch,BLP001,74,(250) 259-8242,41 Bridge River Townsite,Shalalth,BC,V0N 3B0,50.732557,-122.23187,4854,1032,n.d.,287,371,0,0,,,24,230,0,,,0,,,0,0,0,454,1,No,No,56,399,99
Lillooet Area Public Library,Gold Bridge Branch,BLP002,74,(250) 238-2521,Haylmore Street,Gold Bridge,BC,V0K 1P0,50.853689,-122.83471,4939,1520,n.d.,103,1617,23,,60,31,,102,0,,,0,,,0,0,678,0,1,No,Yes,51,531,154
Mackenzie Public Library,Mackenzie Public Library,BMK001,57,(250) 997-6343,400 Skeena Drive,Mackenzie,BC,V0J 2C0,55.338469,-123.091202,25876,15735,4659,1300,44904,28,4,283,270,16,2558,0,0,0,17,0,41,1735,910,1674,2050,1,No,Yes,582,2284,276
McBride & District Public Library,McBride & District Public Library,BMB002,57,(250) 569-2411,241 Dominion Street,McBride,BC,V0J 2E0,53.2998,-120.163099,16235,18236,4479,2028,10296,132,15,1099,81,14,1030,7,1,88,0,0,0,1820,n.a.,1115,1833,2,No,Yes,215,1678,255
McBride & District Public Library,Lena Schultz Reading Room,BMB001,57,250-553-2388,13741 Dome Creek Road,Dome Creek,BC,V0J 1H0,53.748,-121.022212,1198,612,10,676,1820,11,7,308,20,1,65,0,0,0,0,0,0,n.a.,n.a.,n.a.,588,1,No,Yes,22.3,252,102
Midway Public Library,Midway Public Library,BM001,51,(250) 449-2620,612 - 6th Avenue,Midway,BC,V0H 1M0,49.006655,-118.772044,13836,7942,1343,12400,4250,3,1,23,2,n.d.,8,0,0,n.d.,0,0,0,0,0,0,1800,2,No,No,322,1250,200
Nakusp Public Library,Nakusp Public Library,BNA001,10,(250) 265-3363,92 - 6th Avenue NW,Nakusp,BC,V0G 1R0,50.240151,-117.805153,24342,26693,5034,300,13750,40,4,380,68,3,877,0,0,0,0,0,0,0,0,838,2601,1,No,Yes,279,1266,298
Nelson Municipal Library,Nelson Municipal Library,BNE001,8,(250) 352-6333,602 Stanley Street,Nelson,BC,V1L 1N4,49.490607,-117.294603,44012,178550,74058,10293,141470,27,35,980,171,20,5508,50,10,1083,4,1,70,2350,8095,3180,4535,1,No,No,1237,2500,300
New Westminster Public Library,Main Branch,BNW001,40,(604) 527-4660,716 - 6th Avenue,New Westminster,BC,V3M 2B3,49.212106,-122.922293,179812,580505,210612,41410,418324,267,7,3673,196,184,7466,12,,,127,0,2145,22619,n.a.,n.a.,37124,3,No,No,3800,3409,343
New Westminster Public Library,Queensborough,BNW002,40,604-636-4450,920 Ewan Ave,New Westminster,BC,V3M 5C8,49.186458,-122.945466,16167,57880,36547,6651,76288,9,0,10,55,10,1037,6,0,23,0,0,0,380,n.a.,n.a.,3332,1,Yes,Yes,222,2200,302
North Vancouver City Library,North Vancouver City Library,BNV001,44,(604) 998-3450,120 West 14th Street,North Vancouver,BC,V7M 1N9,49.321066,-123.073542,137963,480589,221405,66322,467104,173,25,5706,414,151,22223,358,23,5459,n.d.,n.d.,n.d.,19290,8372,14560,24206,4,Yes,No,3345,3596,344
North Vancouver District Public Library,Lynn Valley Main,BNVD002,44,(604) 984-0286,1277 Lynn Valley Road,North Vancouver,BC,V7J 2A1,49.336693,-123.038858,76227,606274,225695,42033,452261,148,0,1804,157,48,8233,16,4,255,20,0,184,27685,10530,n.a.,29950,5,Yes,No,3716.1,3504,334
North Vancouver District Public Library,Capilano,BNVD001,44,(604) 987-4471,3045 Highland Boulevard,North Vancouver,BC,V7R 2X4,49.337232,-123.102372,107788,355254,128210,26186,211587,146,0,2206,240,57,8920,4,3,100,0,0,0,6083,1799,n.a.,14143,2,Yes,No,1114.8,3249,332
North Vancouver District Public Library,Parkgate,BNVD003,44,(604) 929-3727,3675 Banff Court,North Vancouver,BC,V7H 2Z8,49.318722,-122.969798,75525,352066,123870,18676,208398,158,0,1435,208,99,8454,3,2,69,37,0,354,6389,1445,n.a.,14846,2,No,No,1393.5,3264,332
Okanagan Regional Library District,Enderby Branch,BKO004,83,(250) 838-6488,514 Cliff Avenue,Enderby,BC,V0E 1V0,50.550263,-119.13802,15948,72149,24636,3350,39602,52,8,4087,43,3,1391,0,0,0,0,0,0,n.a.,n.d.,n.d.,n.d.,1,No,No,371.612,1530,204
Okanagan Regional Library District,Keremeos Branch,BKO010,53,(250) 499-2313,638 - 7th Ave,Keremeos,BC,V0X 1N0,49.205148,-119.824315,8999,40711,13250,7100,31260,14,5,526,40,4,953,0,0,0,17,0,78,n.a.,n.d.,n.d.,n.d.,1,No,Yes,207.452,1275,255
Okanagan Regional Library District,Armstrong Branch,BKO002,83,(250) 546-8311,10 - 3305 Smith Dr.,Armstrong,BC,V0E 1B1,50.447099,-119.184194,19856,89829,30642,5350,48690,55,2,546,68,3,1578,0,0,0,0,0,0,n.a.,n.d.,n.d.,n.d.,1,No,Yes,362.22,1785,255
Okanagan Regional Library District,Cherryville Branch,BKO003,22,(250) 547-9776,1114 Hwy. 6,Cherryville,BC,V0E 2G3,50.243805,-118.650473,2417,10933,3821,1100,4830,9,0,90,7,3,145,0,0,0,0,0,0,n.a.,n.d.,n.d.,n.d.,0,No,Yes,68.2837,408,102
Okanagan Regional Library District,Falkland Branch,BKO005,83,(250) 379-2705,5771 Hwy 97,Falkland,BC,V0E 1W0,50.500371,-119.559925,3972,17970,7527,1000,8286,8,0,57,27,2,611,0,0,0,0,0,0,n.a.,n.d.,n.d.,n.d.,0,No,Yes,92.903,765,153
Okanagan Regional Library District,Golden Branch,BKO006,6,(250) 344-6516,819 Park Avenue,Golden,BC,V0A 1H0,51.297745,-116.964029,12466,56396,17811,4300,30623,61,2,431,56,0,1059,0,0,0,0,0,0,n.a.,n.d.,n.d.,n.d.,1,No,Yes,390.192,1581,204
Okanagan Regional Library District,Hedley Branch,BKO007,53,(250) 292-8209,789 Scott Avenue ,Hedley,BC,V0X 1K0,49.356002,-120.077808,1925,8710,3589,500,3283,1,0,0,13,1,33,0,0,0,0,0,0,n.a.,n.d.,n.d.,n.d.,0,No,Yes,0,255,51
Okanagan Regional Library District,Kaleden Branch,BKO008,67,(250) 497-8066,101 Linden Avenue,Kaleden,BC,V0H 1K0,49.390167,-119.595589,4293,19420,6700,3350,10032,5,2,140,52,22,1517,0,0,0,0,0,0,n.a.,n.d.,n.d.,n.d.,0,No,Yes,107.303,765,153
Okanagan Regional Library District,Kelowna Branch,BKO009,23,(250) 762-2800,1380 Ellis Street,Kelowna,BC,V1Y 2A2,49.88967,-119.493544,60077,271794,94473,28200,216240,341,11,6705,387,10,18049,0,0,0,82,0,697,n.a.,n.d.,n.d.,n.d.,1,No,No,3534.403,2907,332
Okanagan Regional Library District,Lumby Branch,BKO012,22,(250) 547-9528,2250 Shields Avenue,Lumby,BC,V0E 2G0,50.251508,-118.961189,8003,36205,12245,6650,19882,59,39,431,74,13,1424,0,0,0,0,0,0,n.a.,n.d.,n.d.,n.d.,1,No,Yes,146.6,1275,255
Okanagan Regional Library District,Mission,BKO013,23,(250) 764-2254,4105 Gordon Dr.,Kelowna,BC,V1W 4Z1,49.83498,-119.482978,69381,313895,109684,25750,141895,91,1,833,142,5,12148,12,0,163,0,0,0,n.a.,n.d.,n.d.,n.d.,1,No,Yes,817.546,2623,331
Okanagan Regional Library District,Naramata Branch,BKO014,67,(250) 496-5679,3580 Third Street,Naramata,BC,V0H 1N0,49.596712,-119.600313,3305,14953,4947,1750,11444,36,3,226,28,2,640,0,0,0,0,0,0,n.a.,n.d.,n.d.,n.d.,0,No,Yes,160.908,663,153
Okanagan Regional Library District,Okanagan Falls Branch,BKO016,53,(250) 497-5886,101 - 850 Railway Lane,Okanagan Falls,BC,V0H 1R0,49.345502,-119.577837,6111,27647,9923,10400,14660,37,0,246,39,33,1785,0,0,0,0,0,0,n.a.,n.d.,n.d.,n.d.,0,No,Yes,234.951,1275,204
Okanagan Regional Library District,Lake Country Branch,BKO011,23,(250) 766-3141,2-10150 Bottom Wood Lake Road,Lake Country,BC,V4V 2M1,50.030339,-119.40189,21087,95401,31843,6600,40276,23,2,347,114,5,5539,0,0,0,0,0,0,n.a.,n.d.,n.d.,n.d.,1,No,Yes,529.547,2040,255
Okanagan Regional Library District,North Shuswap,BKO015,83,(250) 955-8198,3867 Squilax Anglemont Road,Scotch Creek,BC,V0E 1M5,50.910819,-119.4564,2998,13565,4615,1200,11348,9,0,18,26,2,334,0,0,0,0,0,0,n.a.,n.d.,n.d.,n.d.,0,No,Yes,144.928,1020,204
Okanagan Regional Library District,Oliver Branch,BKO017,53,(250) 498-2242,6239 Station Street ,Oliver,BC,V0H 1T0,49.183,-119.549147,19412,87821,28952,20300,51269,21,2,268,118,11,3179,1,0,125,27,0,174,n.a.,n.d.,n.d.,n.d.,1,No,Yes,492.386,1785,255
Okanagan Regional Library District,Osoyoos Branch,BKO018,53,(250) 495-7637,8505 68th Avenue,Osoyoos,BC,V0H 1V0,49.029649,-119.465142,14551,65830,22954,8750,45345,27,6,553,147,23,3889,0,0,0,8,0,75,n.a.,n.d.,n.d.,n.d.,1,No,Yes,298.497,1530,255
Okanagan Regional Library District,Oyama Branch,BKO019,23,(250) 548-3377,15718 Oyama Road,Oyama,BC,V4V 2E1,50.109279,-119.375895,1765,7985,2525,150,4529,14,0,76,26,6,1718,0,0,0,0,0,0,n.a.,n.d.,n.d.,n.d.,0,No,Yes,57.1353,408,102
Okanagan Regional Library District,Peachland Branch,BKO020,23,(250) 767-9111,40 - 5500 Clements Crescent,Peachland,BC,V0H 1X5,49.785926,-119.717785,7330,33160,14954,8450,23388,43,4,324,70,12,1336,0,0,0,0,0,0,n.a.,n.d.,n.d.,n.a.,1,No,Yes,274.063,1211,200
Okanagan Regional Library District,Princeton Branch,BKO021,58,(250) 295-6495,107 Vermillion Avenue,Princeton,BC,V0X 1W0,49.459208,-120.508549,7172,32448,10451,5650,32455,47,0,295,30,0,279,0,0,0,0,0,0,n.a.,n.d.,n.d.,n.d.,0,No,Yes,208.009,1020,204
Okanagan Regional Library District,Revelstoke Branch,BKO022,19,(250) 837-5095,605 Campbell Avenue,Revelstoke,BC,V0E 2S0,50.99883,-118.198969,18105,81909,28744,4350,64806,187,1,1123,170,6,3666,0,0,0,0,0,0,n.a.,n.d.,n.d.,n.d.,1,No,Yes,318.657,1785,255
Okanagan Regional Library District,Rutland,BKO023,23,(250) 765-8165,20 - 301 Hwy. 33 W,Kelowna,BC,V1X 1X8,49.888972,-119.391389,50374,227900,77833,19800,125013,21,0,424,138,0,8666,12,0,180,0,0,0,n.a.,n.d.,n.d.,n.d.,1,No,Yes,596.809,2448,306
Okanagan Regional Library District,Salmon Arm Branch,BKO024,83,(250) 832-6161,1151 - 10th Avenue SW,Salmon Arm,BC,V1E 1T3,50.6926,-119.298671,53647,242705,85111,25150,140509,57,1,394,163,69,9869,0,0,0,0,0,0,n.a.,n.d.,n.d.,n.d.,1,No,Yes,839.564,2448,306
Okanagan Regional Library District,Sicamous Branch,BKO025,83,(250) 836-4845,#2 - 446 Main Street ,Sicamous,BC,V0E 2V0,50.391909,-119.22017,9068,41024,13450,700,19021,67,1,2780,72,15,4760,0,0,0,0,0,0,n.a.,n.d.,n.d.,n.d.,0,No,Yes,239.411,1275,204
Okanagan Regional Library District,Silver Creek,BKO026,83,(250) 832-4719,921 Salmon River Road,Salmon Arm,BC,V1E 3G3,50.692675,-119.332208,2239,10131,2957,4200,9885,43,0,235,68,3,745,0,0,0,0,0,0,n.a.,n.d.,n.d.,n.d.,0,No,Yes,85.5636,765,153
Okanagan Regional Library District,South Shuswap Branch,BKO027,83,(250) 675-4818 ,2676 Fairway Hills Rd  Unit 1,Blind Bay,BC,V0E 1H2,50.788946,-119.082322,11562,52308,18488,8200,35069,61,2,747,98,6,3475,2,0,18,12,0,12,n.a.,n.d.,n.d.,n.d.,0,No,Yes,317.728,1734,255
Okanagan Regional Library District,Summerland Branch,BKO028,67,(250) 494-5591,9525 Wharton Street,Summerland,BC,V0H 1Z0,49.600772,-119.678358,28394,128458,43295,12300,67506,28,3,567,120,35,4274,0,0,0,0,0,0,n.a.,n.d.,n.d.,n.d.,1,No,Yes,315.87,2040,255
Okanagan Regional Library District,Vernon Branch,BKO029,22,(250) 542-7610,3001 - 32nd Avenue,Vernon,BC,V1T 2L8,50.265328,-119.271476,111430,504128,178721,35450,239889,507,6,6382,265,28,13998,5,0,124,2,0,22,n.a.,n.d.,n.d.,n.d.,2,No,No,2787,2933,332
Okanagan Regional Library District,Westbank Branch,BKO030,23,250-768-4369,2484 Highway 97 S,West Kelowna,BC,V4T 2G2,49.840048,-119.629779,52274,236495,80861,24600,111794,123,4,1624,181,24,7536,1,0,11,0,0,0,n.a.,n.d.,n.d.,n.d.,1,No,Yes,929,2457,306
Pemberton & District Public Library,Pemberton & District Public Library,BPE001,48,(604) 894-6916,7390 Cottonwood Street,Pemberton,BC,V0N 2L0,50.32023,-122.799899,18337,79762,33050,6350,89421,107,5,779,248,5,4308,1,9,103,36,0,n.d.,1976,0,4242,1295,1,No,Yes,375,2391,349
Southern Gulf Islands Library Commission (Pender Island Public Library),Pender Island Public Library,BPI003,64,(250) 629-3722,4407 Bedwell Harbour Road,Pender Island,BC,V0N 2M0,48.797561,-123.281938,18227,28253,6839,5408,22100,69,0,1678,16,0,423,1,0,3,0,0,0,0,0,1440,841,0,No,No,316.2,1226,206
Southern Gulf Islands Library Commission (Pender Island Public Library),Mayne Island Reading Centre Society,BPI002,64,(250) 539-2597,411 Naylor Road,Mayne Island,BC,V0N 2J2,49.79529,-124.364228,8589,9864,3055,4576,7748,7,8,374,30,3,569,0,0,0,0,0,0,0,0,0,0,0,No,No,135.6,612,153
Southern Gulf Islands Library Commission (Pender Island Public Library),Galiano Island Community Library,BPI001,64,(250) 539-2141 ,2540 Sturdies Bay Road,Galiano Island,BC,V0N 1P0,48.879085,-123.318603,12533,11877,1506,3068,8580,28,2,521,3,0,152,2,0,47,1,0,3,0,0,0,125,0,No,No,241.55,765,204
Southern Gulf Islands Library Commission (Pender Island Public Library),Saturna Branch Library,BPI005,64,(250) 539-5312,140 East Point Road,Saturna Island,BC,V0N 2Y0,48.788424,-123.128983,5974,4273,187,2444,2860,0,0,0,1,0,5,0,0,0,0,0,0,0,0,0,0,0,No,Yes,86.5,459,102
Southern Gulf Islands Library Commission (Pender Island Public Library),Piers Island Library,BPI004,64,n/a,c/o Box 2223,Sidney,BC,V8L 3S8,48.704901,-123.416096,948,330,55,86,884,2,0,25,1,0,3,0,0,0,0,0,0,0,0,0,0,0,No,Yes,9.3,104,51
Penticton Public Library,Penticton Public Library,BP001,67,(250) 770-7787,785 Main Street,Penticton,BC,V2A 5E3,49.491202,-119.588557,106312,289994,87037,22675,213347,67,0,1175,180,36,5910,32,0,326,0,0,0,8537,7990,n.a.,10930,2,No,Yes,1242,2586,304
Port Moody Public Library,Port Moody Public Library,BPMP001,43,(604) 469-4575,100 Newport Drive,Port Moody,BC,V3H 3E1,49.282312,-122.829572,84033,535001,334484,20636,319313,135,8,2634,207,95,16303,8,11,656,55,4,1075,11401,3287,1826,14114,2,No,No,1161,3108,302
Pouce Coupe Public Library,Pouce Coupe Public Library,BPOC001,59,(250) 786-5765,5010 - 52nd Avenue,Pouce Coupe,BC,V0C 2C0,55.717808,-120.133229,28114,2841,1708,1527,142,2,1,318,2,0,167,2,0,247,0,0,0,0,0,1973,1002,2,No,Yes,253,1850,297
Powell River Public Library,Powell River Public Library,BPRDP001,47,(604) 485-4796,4411 Michigan Avenue,Powell River,BC,V8A 2S3,49.835023,-124.523884,48985,157903,38755,13900,128111,34,144,3436,88,28,3357,66,3,603,2,0,26,3640,1820,364,15326,2,No,Yes,531,2736,326
Prince George Public Library,Bob Harkins Library,BPG001,57,(250) 563-9251,887 Dominion Street,Prince George,BC,V2L 5L1,53.913252,-122.747224,150053,547118,166407,64090,278660,448,105,8077,320,60,12011,120,12,1611,1,1,21,13465,1952,1957,59320,3,No,No,3412,3074,328
Prince George Public Library,Nechako Branch,BPG002,57,(250) 962-9710,6547 Hart Highway,Prince George,BC,V2K 3A4,53.98958,-122.786479,26702,93120,31746,10115,74838,61,0,245,102,0,1205,11,0,33,0,0,0,0,0,0,8004,1,No,Yes,426,2685,297
Prince Rupert Library,Prince Rupert Library,BPR001,52,(250) 624-1345,101-6th Avenue West,Prince Rupert,BC,V8J 1Y9,54.313174,-130.317858,68912,52600,15677,1382,55194,183,0,1223,209,0,1771,0,0,0,2,0,6,3640,2720,0,12830,2,No,No,1290,2526,328
Radium Hot Springs Public Library,Radium Hot Springs Public Library,BRHP001,6,(250) 347-2434,Unit #2  Radium Plaza Main Street West,Radium Hot Springs,BC,V0A 1M0,50.621981,-116.071315,5780,1803,665,650,1387,0,0,0,1,2,62,0,0,0,0,0,0,0,980,980,0,1,No,No,71,539,196
Richmond Public Library,Brighouse (Main) Branch,BRI001,38,(604) 231-6422,100 - 7700 Minoru Gate,Richmond,BC,V6Y 1R8,49.16293,-123.142625,251812,1527267,817992,67910,978103,1291,39,22898,904,44,48532,39,18,5808,72,0,1039,40361,5663,0,89659,4,No,No,4584.95,3807,349
Richmond Public Library,Ironwood Branch,BRI003,38,(604) 231-6468,11688 Steveston Hwy,Richmond,BC,V7A 1N6,49.133322,-123.095352,45412,268064,147330,8206,186671,55,0,549,309,0,6072,0,0,0,6,0,19,0,4513,0,7804,2,No,No,1093.93,3686,350
Richmond Public Library,Steveston Branch,BRI004,38,(604) 274-2012,4111 Moncton Street,Richmond,BC,V7E 3A8,49.125177,-123.178441,45011,303627,174092,10938,197934,25,0,207,475,0,14994,0,0,0,0,0,0,0,1766,0,7169,2,No,No,364.09,3418,350
Richmond Public Library,Cambie Branch,BRI002,38,(604) 273-2223,150 - 11590 Cambie Road,Richmond,BC,V6X 3Z5,49.184558,-123.095055,33250,182280,104023,5154,106259,5,0,92,317,0,3833,0,0,0,0,0,0,0,3647,0,8761,2,No,No,437.76,3418,350
Rossland Public Library Association,Rossland Public Library Association,BR001,20,(250) 362-7611,2180 Columbia Avenue,Rossland,BC,V0G 1Y0,49.076853,-117.797294,15374,30258,12665,2800,49988,62,4,447,120,37,4577,0,0,0,0,0,0,0,0,2673,2643,1,No,No,321,2099,252
Salmo Public Library,Salmo Public Library,BSA001,8,(250) 357-2312,106 - 4th Street,Salmo,BC,V0G 1Z0,50.243104,-117.797759,19712,24535,6398,3871,28132,57,29,1230,76,28,1390,11,5,125,0,0,0,1,1456,1300,572,1,No,Yes,410,1400,260
Salt Spring Island Public Library,Salt Spring Island Public Library,BGSI001,64,(250) 537-4666,129 McPhillips Avenue,Salt Spring Island,BC,V8K 2T6,48.852651,-123.501603,64047,162948,48924,47300,148200,342,2,6837,150,27,4202,81,5,2148,0,0,0,3788,192,0,3974,1,No,Yes,1160,2148,306
Sechelt Public Library,Sechelt Public Library,BSE001,46,(604) 885-3260,5797 Cowrie Street,Sechelt,BC,V0N 3A0,49.472417,-123.763318,45365,164748,43520,,125600,146,1,2394,92,78,2229,5,51,20,0,0,0,2541,2765,1533,10151,2,No,Yes,517.4,2411,309
Smithers Public Library,Smithers Public Library,BS001,54,(250) 847-3043,3817 Alfred Avenue,Smithers,BC,V0J 2N0,54.779091,-127.175247,33458,83877,40897,4350,74860,56,10,1409,166,22,9455,30,0,212,2,0,37,807,1750,922,3958,2,No,No,1280,2058,300
Sparwood Public Library,Sparwood Public Library,BSPA001,5,(250) 425-2299,110 Pine Ave,Sparwood,BC,V0B 2G0,49.734432,-114.881059,25093,18046,3709,215,16000,5,1,239,12,1,1113,3,0,457,0,0,0,0,0,2300,3500,1,No,No,433,2200,280
Squamish Public Library,Squamish Public Library,BSQ001,48,(604) 892-3110,37907 - 2nd Avenue,Squamish,BC,V8B 0A7,49.697432,-123.15594,53132,179139,82946,8573,151577,48,45,2688,401,38,13355,37,1,417,0,0,n.a.,1820,0,6273,14875,3,No,No,1045,2723,349
Stewart Public Library,Stewart Public Library,BSP001,82,(250) 636-2380,824 A Main Street,Stewart,BC,V0T 1W0,55.45665,-129.473308,17921,712,315,,1232,1,0,12,2,2,420,0,2,70,0,0,0,0,1243,0,562,1,No,Yes,125.5,980,176
Surrey Public Library,City Centre,BSUR001,36,(604) 598-7420 ,10350 University Drive,Surrey,BC,V3T 4B8,49.19131,-122.849808,140488,424233,242315,97968,608348,146,84,8337,507,75,25567,106,3,1250,51,1,1164,26743,13860,n.a.,36162,9,Yes,No,7153.5,3575,347
Surrey Public Library,Cloverdale,BSUR002,36,(604) 598-7320,5642 - 176A Street,Surrey,BC,V3S 4G9,49.107276,-122.760497,62311,312301,199604,26676,180583,77,2,1695,203,72,13771,16,2,422,2,0,15,6790,4166,n.a.,10694,2,No,No,1022,3225,347
Surrey Public Library,Fleetwood,BSUR003,36,(604) 598-7340,15996 - 84th Avenue,Surrey,BC,V4N 0W1,49.155404,-122.779226,78132,365875,254438,48945,242073,62,16,873,552,37,21089,39,44,3188,0,21,273,5939,3248,n.a.,11257,2,No,Yes,1236,3225,347
Surrey Public Library,Guildford,BSUR004,36,604) 598-7360,15105 - 105th Avenue,Surrey,BC,V3R 7G8,49.193243,-122.803609,144824,769263,497929,77831,533494,598,4,7146,347,87,41862,81,14,1486,139,3,1356,15597,19468,n.a.,33089,5,No,Yes,2899,3225,347
Surrey Public Library,Newton,BSUR005,36,(604) 598-7400,13795 - 70th Avenue,Surrey,BC,V3W 0E1,49.129975,-122.838988,97673,417145,264054,44915,279565,84,6,137,325,86,20223,41,3,989,22,0,207,7955,5910,n.a.,14526,3,No,No,1366,3225,347
Surrey Public Library,Ocean Park,BSUR006,36,(604) 502-6304,12854 - 17th Avenue,Surrey,BC,V4A 1T5,49.033003,-122.8656,43332,256023,137742,17667,175825,240,0,1399,188,8,8643,18,1,311,9,0,125,3797,1738,n.a.,8621,2,No,No,604,3225,347
Surrey Public Library,Port Kells,BSUR007,36,(604) 598-7440,18885 - 88th Avenue,Surrey,BC,V3S 5X7,49.16281,-122.790169,13502,27426,14103,1833,9022,31,0,206,89,12,3075,1,0,9,0,0,0,n.a.,1867,1694,1386,1,No,No,111,1280,347
Surrey Public Library,Semiahmoo Library,BSUR008,36,(604) 592-6900,1815 - 152nd Street,Surrey,BC,V4A 9Y9,49.035002,-122.801187,96031,497473,290220,47723,180583,286,2,1543,230,35,11461,28,2,557,77,0,481,6311,4905,n.a.,13419,3,Yes,Yes,2062,3225,347
Surrey Public Library,Strawberry Hill,BSUR009,36,(604) 501-5836,7399 - 122nd Street,Surrey,BC,V3W 5J2,49.136445,-122.884575,67273,340242,228353,34502,275353,140,0,1084,283,23,10816,21,2,973,362,18,1538,4422,4723,n.a.,11522,3,No,No,1041,3225,347
Taylor Public Library,Taylor Public Library,BTA001,60,(250) 789-9878,10008 - 104 Ave,Taylor,BC,V0C 2K0,56.153335,-120.683744,9096,2269,1055,650,2092,26,2,109,4,3,277,6,3,30,0,0,0,,,1384,927,1,No,No,1664,1686,250
Terrace Public Library,Terrace Public Library,BTE001,82,(250) 638-8177,4610 Park Avenue,Terrace,BC,V8G 1V6,54.518129,-128.587312,55676,122963,41148,14395,151182,32,61,1100,107,9,4354,41,3,310,0,0,0,1820,1456,2570,19071,2,No,Yes,1350,3124,345
Thompson-Nicola Regional District Library System,TNRDLS Administration,BKCT001,73,250-374-8866,300-465 Victoria Street,Kamloops,BC,V2C 2A9,50.675866,-120.330497,751,3391,597,4,n.a.,n.a.,n.a.,n.a.,n.a.,n.a.,n.a.,n.a.,n.a.,n.a.,n.a.,n.a.,n.a.,3276,1326,n.a.,18206,1,No,No,883,n.a.,n.a.
Thompson-Nicola Regional District Library System,Kamloops Branch,BKCT010,73,(250) 372-5145,100 - 465 Victoria Street,Kamloops,BC,V2C 2A9,50.675866,-120.330497,87107,236384,98375,39884,173509,189,7,1193,403,107,12339,9,27,183,1,0,12,4424,2973,n.a.,21845,3,No,Yes,1765,2806,335
Thompson-Nicola Regional District Library System,Ashcroft Branch,BKCT002,74,(250) 453-9042,201 Brink Street,Ashcroft,BC,V0K 1A0,50.725522,-121.280626,14459,20674,4953,2357,10414,114,1,627,28,1,198,0,1,75,0,0,0,n.a.,n.a.,991,1043,1,No,No,334,1352,256
Thompson-Nicola Regional District Library System,Barriere Branch,BKCT003,73,(250) 672-5811,4511 Barriere Town Road,Barriere,BC,V0E 1E0,51.18586,-120.142364,13797,25700,5041,2953,12663,4,0,47,37,0,297,0,0,0,0,0,0,n.a.,n.a.,1288,736,1,No,No,313,1352,256
Thompson-Nicola Regional District Library System,Blue River Branch,BKCT004,73,(250) 673-8235,829 Cedar Street,Blue River,BC,V0E 1J0,52.10771,-119.307739,3980,2849,645,712,1793,0,0,0,34,0,276,0,0,0,0,0,0,n.a.,n.a.,n.a.,952,1,No,No,94,816,204
Thompson-Nicola Regional District Library System,Cache Creek Branch,BKCT006,74,(250) 457-9953,1390 Quartz Road,Cache Creek,BC,V0K 1H0,50.813935,-121.324914,7612,11262,1563,2104,5580,25,0,113,11,0,65,0,0,0,1,0,3,n.a.,n.a.,n.a.,881,1,No,No,130,816,204
Thompson-Nicola Regional District Library System,Chase Branch,BKCT007,73,(250) 679-3331,614 Shuswap Avenue,Chase,BC,V0E 1M0,50.818971,-119.690258,14316,27021,6075,8087,14073,48,5,201,79,0,788,8,0,44,0,0,0,n.a.,n.a.,738,1554,1,No,No,308,1560,256
Thompson-Nicola Regional District Library System,Clearwater Branch,BKCT008,73,(250) 674-2543,422 Murtle Crescent,Clearwater,BC,V0E 1N0,51.6497,-120.038295,14917,35130,9139,1613,14055,4,0,68,27,0,387,0,0,0,0,0,0,n.a.,n.a.,976,1373,1,No,No,284,1560,256
Thompson-Nicola Regional District Library System,Clinton Branch,BKCT009,74,(250) 459-7752,1506 Tingley Street,Clinton,BC,V0K 1K0,51.09215,-121.582649,7457,9523,2069,1194,4347,46,6,286,8,0,51,13,0,99,0,0,0,n.a.,n.a.,n.a.,941,1,No,No,184,816,204
Thompson-Nicola Regional District Library System,Logan Lake Branch,BKCT011,73,(250) 523-6745,70 - 150 Opal Dr.,Logan Lake,BC,V0K 1W0,50.49465,-120.819329,14253,32099,10870,11219,15164,16,7,248,62,0,1157,1,0,1,1,0,12,n.a.,n.a.,1165,1044,1,No,No,186,1560,256
Thompson-Nicola Regional District Library System,Lytton Branch,BKCT012,74,(250) 455-2521,121 Fourth Street,Lytton,BC,V0K 1Z0,50.231335,-121.581809,6750,9638,2724,652,4835,6,0,24,209,0,337,1,0,2,0,0,0,n.a.,n.a.,n.a.,933,1,No,Yes,100,816,204
Thompson-Nicola Regional District Library System,Merritt Branch,BKCT013,58,(250) 378-4737,1691 Garcia Street,Merritt,BC,V1K 1B8,50.108473,-120.788262,29908,98146,33774,14895,53209,314,5,1996,810,2,3206,51,0,167,3,0,9,1582,1286,n.a.,5674,1,No,No,728,2096,256
Thompson-Nicola Regional District Library System,North Kamloops Branch,BKCT014,73,(250) 554-1124,693 Tranquille Road,Kamloops,BC,V2B 3H7,50.698889,-120.363726,64652,262245,66207,38003,132961,195,2,1254,308,23,9260,19,0,66,1,0,2,3148,1439,n.a.,16473,2,Yes,Yes,1271,2737,301
Thompson-Nicola Regional District Library System,Savona Branch,BKCT016,73,(250) 373-2666,60 Savona Street,Savona,BC,V0K 2J0,50.7531,-120.842679,6529,9194,2633,2947,4801,39,0,216,120,0,1463,2,0,8,0,0,0,n.a.,n.a.,n.a.,1211,1,No,No,130,816,204
Thompson-Nicola Regional District Library System,Bookmobile,BKCT005,n/a,1-855-552-2665,693 Tranquille Road,Kamloops,BC,V2B 3H7,50.698889,-120.363726,8869,35138,8945,8330,7464,0,7,1632,0,0,0,0,0,0,0,0,0,n.a.,1512,n.a.,1935,0,No,Yes,0,641,180
Thompson-Nicola Regional District Library System,Readers' Home Service,BKCT015,73,1-800-552-2665,693 Tranquille Road,Kamloops,BC,V2B 3H7,50.698889,-120.363726,3736,22990,436,373,n.a.,16,1674,4186,0,23,2381,9,11,332,0,0,0,2919,n.a.,n.a.,2661,0,Yes,Yes,634,n.a.,n.a.
Trail & District Public Library,Trail & District Public Library,BT001,20,(250) 364-1731,1051 Victoria Street,Trail,BC,V1R 3T3,49.097866,-117.709223,49350,50840,14250,4977,41594,23,16,330,187,73,6292,0,2,25,0,0,0,3500,1238,0,6152,1,No,No,522,2454,292
Tumbler Ridge Public Library,Tumbler Ridge Public Library,BTR001,59,(250) 242-4778,340 Front Street,Tumbler Ridge,BC,V0C 2W0,55.125356,-121.000472,34309,17595,3160,6340,90168,73,0,655,525,8,10133,14,1,74,6,3,25,0,1950,637,7460,1,No,Yes,450,2933,358
Valemount Public Library,Valemount Public Library,BVALE001,57,(250) 566-4367,1090A Main Street,Valemount,BC,V0E 2Z0,52.83702,-119.265109,16505,18680,2511,500,7900,50,2,291,21,0,278,1,0,16,0,0,0,0,0,3129,397,1,No,No,144,1821,252
Vancouver Island Regional Library,Headquarters,BNVI038,68,n/a,6250 Hammond Bay Road,Nanaimo,BC,V9R 5N3,49.234736,-124.038734,5926,26515,2629,n.a.,n.a.,n.a.,n.a.,n.a.,n.a.,n.a.,n.a.,n.a.,n.a.,n.a.,n.a.,n.a.,n.a.,5461,0,0,81804,11,No,No,1058,0,0
Vancouver Island Regional Library,Bella Coola Branch,BNVI001,49,(250) 799-5330,450 MacKenzie St,Bella Coola,BC,V0T 1C0,52.37201,-126.757864,9683,27310,7722,2980,14366,4,1,75,23,3,833,2,0,5,n.d.,n.d.,n.d.,0,0,0,2198,3,No,Yes,158,1100,205
Vancouver Island Regional Library,Bowser Branch,BNVI002,69,(250) 757-9570,6996 Island Highway West,Bowser,BC,V0R 1G0,49.435724,-124.67665,7260,15549,1781,874,13173,21,1,268,0,0,0,1,0,15,n.d.,n.d.,n.d.,0,0,0,1413,2,No,Yes,125,1022,204
Vancouver Island Regional Library,Campbell River Branch,BNVI003,72,(250)287-3655,1240 Shopper's Row,Campbell River,BC,V9W 2C8,50.027378,-125.245379,46674,221568,50364,16368,177814,64,6,952,107,22,6614,16,4,1201,n.d.,n.d.,n.d.,4526,1831,0,12428,3,No,Yes,900,2895,353
Vancouver Island Regional Library,Chemainus Branch,BNVI004,79,(250) 246-9471,2592 Legion Street,Chemainus,BC,V0R 1K0,48.922375,-123.718821,10152,40069,4186,3173,29921,23,0,345,25,6,657,5,1,45,n.d.,n.d.,n.d.,0,0,0,2911,3,No,Yes,113,1863,302
Vancouver Island Regional Library,Comox Branch,BNVI005,71,(250) 339-2971,1720 Beaufort Avenue,Comox,BC,V9M 1R7,49.671709,-124.923911,24758,154723,38421,4586,89371,71,7,865,107,13,3567,2,0,26,n.d.,n.d.,n.d.,1207,582,0,7483,2,No,Yes,497,2579,302
Vancouver Island Regional Library,Cortes Island Branch,BNVI006,72,(250) 935-6566,Sutil Point Road,Mansons Landing,BC,V0P 1K0,50.067433,-124.982959,6077,17704,4910,843,5221,12,1,34,17,0,276,5,0,103,n.d.,n.d.,n.d.,0,0,0,1255,1,No,Yes,126,1022,204
Vancouver Island Regional Library,Courtenay Branch,BNVI007,71,(250) 334-3369,300 - 6th Street,Courtenay,BC,V9N 9V9,49.690244,-124.997863,60812,310655,77496,19556,219793,271,5,2262,171,10,4289,10,0,344,n.d.,n.d.,n.d.,5431,978,0,15194,3,No,No,1163,2896,353
Vancouver Island Regional Library,Cowichan Branch,BNVI008,79,(250) 746-7661,2687 James Street,Duncan,BC,V9L 2X5,48.7821,-123.704142,59887,339792,82990,9483,257217,128,15,1852,191,35,6848,14,3,700,n.d.,n.d.,n.d.,5204,8,0,15267,4,No,Yes,1189,2895,353
Vancouver Island Regional Library,Cowichan Lake Branch,BNVI009,79,(250) 749-3431,38 King George Street,Lake Cowichan,BC,V0R 2G0,48.82478,-124.05367,14204,64963,12305,7216,41433,15,0,369,113,2,1475,3,1,26,n.d.,n.d.,n.d.,1596,0,0,4613,3,No,Yes,327,2257,256
Vancouver Island Regional Library,Cumberland Branch,BNVI010,71,(250) 336-8121,2724 Dunsmuir Avenue,Cumberland,BC,V0R 1S0,49.619054,-125.028427,10030,36897,15132,4891,26688,17,1,247,64,5,1894,4,1,22,n.d.,n.d.,n.d.,0,0,0,3745,2,No,No,286,1792,256
Vancouver Island Regional Library,Gabriola Island Branch,BNVI011,68,(250) 247-7878,5 - 575 North Road,Gabriola Island,BC,V0R 1X5,49.049587,-124.176893,14712,94124,15177,6057,79000,173,15,3200,148,3,2838,4,1,101,n.d.,n.d.,n.d.,1824,0,0,6256,2,No,Yes,293,2102,256
Vancouver Island Regional Library,Gold River Branch,BNVI012,84,(250) 283-2502,396 Nimpkish Drive,Gold River,BC,V0P 1G0,49.78481,-126.054164,8897,18948,4096,3298,10329,7,1,158,31,4,1021,1,0,30,n.d.,n.d.,n.d.,0,0,0,1694,2,No,Yes,143,1048,204
Vancouver Island Regional Library,Hornby Island Branch,BNVI013,71,(250) 335-0044,1765 Sollans Road,Hornby Island,BC,V0R 1Z0,49.53205,-124.664679,5637,34235,4098,958,n.d.,5,0,25,30,0,345,1,0,15,n.d.,n.d.,n.d.,0,0,0,1562,2,No,No,77,1330,256
Vancouver Island Regional Library,Ladysmith Branch,BNVI014,68,(250) 245 2322,#3 - 740 First Avenue,Ladysmith,BC,V9G 1A3,48.995162,-123.820195,24550,118190,24202,7487,96804,14,3,117,21,1,465,4,0,126,n.d.,n.d.,n.d.,1820,0,0,7052,2,No,Yes,400,2579,302
Vancouver Island Regional Library,Masset Branch,BNVI015,50,(250) 626-3663,2123 Collison,Masset,BC,V0T 1M0,54.013335,-132.151854,9092,28630,8149,1726,18005,24,9,251,46,20,1223,10,3,140,n.d.,n.d.,n.d.,0,1083,0,1396,3,No,No,147,1022,204
Vancouver Island Regional Library,Nanaimo Harbourfront Branch,BNVI016,68,(250) 753-1154,90 Commercial Street,Nanaimo,BC,V9R 5G4,49.165401,-123.936855,40659,213803,47662,44475,215125,406,15,7347,157,27,7946,20,6,2890,n.d.,n.d.,n.d.,13083,0,0,14513,10,No,No,2323,2895,353
Vancouver Island Regional Library,Nanaimo North,BNVI039,85,(250) 281-2263,4503B Railway Ave,Woss,BC,V0N 3P0,50.217,-126.59,58172,376745,127950,21124,207981,209,7,2795,275,24,15479,6,1,344,n.d.,n.d.,n.d.,4849,0,0,17118,3,No,No,1636,2896,353
Vancouver Island Regional Library,Nanaimo Wellington Branch,BNVI017,68,(250) 758-5544,3032 Barons Road,Nanaimo,BC,V9T 4B5,49.20783,-124.004216,30540,147272,44600,5632,117773,105,13,840,139,32,6965,9,0,237,n.d.,n.d.,n.d.,3640,7,0,11413,2,No,Yes,399,2717,302
Vancouver Island Regional Library,Parksville Branch,BNVI018,69,(250) 248-3841,100 Jensen Avenue E,Parksville,BC,V9P 2G6,49.31833,-124.312432,34911,232067,40145,7781,191448,124,5,1798,133,12,8514,47,1,601,n.d.,n.d.,n.d.,2486,0,0,11851,2,No,Yes,582,2895,353
Vancouver Island Regional Library,Port Alberni Branch,BNVI019,70,(250) 723-9511,4245 Wallace Unit B,Port Alberni,BC,V9Y 3Y6,49.233985,-124.807574,35072,125293,27385,3719,102108,75,10,1040,197,42,6491,38,0,588,n.d.,n.d.,n.d.,3430,0,0,9143,3,No,Yes,697,2717,302
Vancouver Island Regional Library,Port Alice Branch,BNVI020,85,(250) 284-3554,951 Marine Drive,Port Alice,BC,V0N 2N0,50.42545,-127.486774,6763,7801,2390,781,7220,28,0,187,17,3,264,3,0,12,n.d.,n.d.,n.d.,0,0,0,1234,2,No,Yes,113,1022,204
Vancouver Island Regional Library,Port Clements Branch,BNVI021,50,(250) 557-4402,35 Cedar Avenue W.,Port Clements,BC,V0T 1R0,53.68779,-132.16135,5337,22091,4145,709,14393,53,1,478,24,20,454,16,0,115,n.d.,n.d.,n.d.,0,0,0,1284,2,No,Yes,93,1075,205
Vancouver Island Regional Library,Port Hardy Branch,BNVI022,85,(250) 949-6661,7110 Market,Port Hardy,BC,V0N 2P0,50.721093,-127.492257,12457,45935,8847,2134,87467,30,1,487,39,6,1431,12,0,72,n.d.,n.d.,n.d.,0,1235,0,2299,2,No,Yes,251,1485,256
Vancouver Island Regional Library,Port McNeill Branch,BNVI023,85,(250) 956-3669,4 - 1584 Broughton Blvd.,Port McNeill,BC,V0N 2R0,50.589665,-127.08667,11504,23951,7121,4509,14595,11,1,572,92,0,3055,2,0,3,n.d.,n.d.,n.d.,0,0,0,1819,3,No,Yes,143,1180,205
Vancouver Island Regional Library,Port Renfrew Branch,BNVI024,62,(250) 647-5423,6633 Deering Road,Port Renfrew,BC,V0S 1K0,48.576422,-124.40907,5086,10666,1072,586,6083,8,0,70,9,1,66,2,0,38,n.d.,n.d.,n.d.,0,0,0,1217,1,No,Yes,67,975,205
Vancouver Island Regional Library,Quadra Island Branch,BNVI025,72,(250) 285-2216,712 Cramer Road,Quadra Island,BC,V0P 1H0,50.101533,-125.213598,16158,93229,18810,1984,40335,32,0,126,21,4,550,0,0,0,n.d.,n.d.,n.d.,0,12,0,4363,2,No,Yes,298,1792,256
Vancouver Island Regional Library,Qualicum Beach Branch,BNVI026,69,(250) 752-6121,660 Primrose Street,Qualicum Beach,BC,V9K 1S9,49.347486,-124.444331,32068,173011,29345,11875,114442,23,1,586,76,5,1995,3,0,83,n.d.,n.d.,n.d.,3573,0,0,8922,2,No,Yes,636,2717,302
Vancouver Island Regional Library,Queen Charlotte Branch,BNVI027,50,(250) 559-4518,138 Bay,Queen Charlotte City,BC,V0T 1S0,53.266063,-132.12209,12009,38695,5370,2689,30625,39,29,758,49,9,1144,3,5,259,n.d.,n.d.,n.d.,1816,0,0,2546,3,No,Yes,111,1148,204
Vancouver Island Regional Library,Sandspit Branch,BNVI028,50,(250) 637-2247,Seabreeze Plaza,Sandspit,BC,V0T 1T0,53.23702,-131.844091,4453,10826,1781,1058,9678,0,0,0,10,30,439,3,4,71,n.d.,n.d.,n.d.,0,0,0,1154,1,No,Yes,56,1026,205
Vancouver Island Regional Library,Sayward Branch,BNVI029,72,(250) 282-5551,641C Kelsey Way,Sayward,BC,V0P 1R0,50.378652,-125.95894,3038,6760,1525,118,1133,4,1,17,0,2,54,1,0,27,n.d.,n.d.,n.d.,0,0,0,930,2,No,Yes,56,1026,205
Vancouver Island Regional Library,Sidney/North Saanich Branch,BNVI030,63,(250) 656-0944,10091 Resthaven Drive,Sidney,BC,V8L 3G3,48.655232,-123.402751,40918,194427,39929,6555,128235,91,20,1880,85,11,8458,13,1,321,n.d.,n.d.,n.d.,3643,0,0,11971,4,No,Yes,527,2895,353
Vancouver Island Regional Library,Sointula Branch,BNVI031,85,(250) 973-6493,280 1st Street,Sointula,BC,V0N 3E0,50.641414,-127.028812,9109,22789,2404,1215,26190,17,0,90,22,1,221,9,0,92,n.d.,n.d.,n.d.,0,0,0,1468,2,No,Yes,82,1026,205
Vancouver Island Regional Library,Sooke Branch,BNVI032,62,(250) 642-3022,2065 Anna Marie Road,Sooke,BC,V9Z 0A4,48.379663,-123.7192,22999,105670,32507,8807,83324,40,2,441,30,3,1931,2,0,67,n.d.,n.d.,n.d.,700,0,0,5481,3,No,No,343,2285,302
Vancouver Island Regional Library,South Cowichan Branch,BNVI033,79,(250) 743-5436,310 - 2720 Mill Bay Road,Mill Bay,BC,V0R 2P0,48.6526,-123.5587,23676,109110,31541,5031,74387,65,3,549,67,16,3011,19,0,340,n.d.,n.d.,n.d.,1575,819,0,6600,2,No,Yes,307,2426,302
Vancouver Island Regional Library,Tahsis Branch,BNVI034,84,(250) 934-6621,977  Maquinna Drive S,Tahsis,BC,V0P 1X0,49.923965,-126.661451,5526,5979,956,435,4900,7,2,45,4,2,43,3,0,4,n.d.,n.d.,n.d.,0,0,0,1198,2,No,Yes,84,1026,205
Vancouver Island Regional Library,Tofino Branch,BNVI035,70,(250) 725-3713,331 Main Street,Tofino,BC,V0R 2Z0,49.153938,-125.907328,9477,20468,9081,283,19064,3,0,26,47,0,466,1,0,3,n.d.,n.d.,n.d.,0,0,0,1567,3,No,Yes,93,1022,204
Vancouver Island Regional Library,Ucluelet Branch,BNVI036,70,(250) 726-4642,500 Matterson Dr,Ucluelet,BC,V0R 3A0,48.945053,-125.558933,7849,24049,8118,367,17405,1,0,81,32,1,569,7,0,13,n.d.,n.d.,n.d.,0,0,0,1819,1,No,Yes,118,1022,204
Vancouver Island Regional Library,Union Bay Branch,BNVI037,71,(250) 335-2433,5527 Island Highway,Union Bay,BC,V0R 3B0,49.618,-124.89,4420,9732,1177,205,n.d.,2,0,16,1,0,14,0,0,0,n.d.,n.d.,n.d.,0,6,0,998,0,No,Yes,27,812,152
Vancouver Island Regional Library,Woss Branch,BNVI039,85,(250) 281-2263,4503B Railway Ave,Woss,BC,V0N 3P0,50.217,-126.59,3182,2988,798,225,6364,3,0,23,31,0,201,4,0,16,n.d.,n.d.,n.d.,0,0,0,1280,2,No,No,42,1022,204
Vancouver Public Library,Britannia Branch,BVA001,39,(604) 665-2222,1661 Napier,Vancouver,BC,V5L 4X4,49.274931,-123.070318,56546,267310,105599,11320,263971,55,17,1133,211,83,12012,32,13,513,3,1,93,4030,3076,0,10220,1,No,Yes,901,3241,354
Vancouver Public Library,Carnegie Branch,BVA002,39,(604) 665-3010,401 Main Street,Vancouver,BC,V6A 2T7,49.281272,-123.099827,23136,168714,4438,65288,404851,43,3,716,0,0,0,0,0,0,0,0,0,2340,572,0,11364,1,No,Yes,179,4104,348
Vancouver Public Library,Champlain Heights Branch,BVA004,39,(604) 665-3955,7110 Kerr Street,Vancouver,BC,V5S 4W2,49.218627,-123.041505,50801,303836,141636,19350,182666,88,14,601,174,57,7428,17,1,283,24,2,151,5817,2054,0,9152,1,No,Yes,776,2559,311
Vancouver Public Library,Collingwood Branch,BVA005,39,(604) 665-3953,2985 Kingsway,Vancouver,BC,V5R 5J4,49.236137,-123.04283,21998,108593,44835,8284,77770,66,11,751,129,64,6608,23,2,495,49,1,286,1918,2054,0,6696,1,No,No,483,2298,311
Vancouver Public Library,Dunbar Branch,BVA006,39,(604) 665-3968,4515 Dunbar Street,Vancouver,BC,V6S 2G7,49.245986,-123.1853,42951,249323,94127,9909,145683,61,3,586,203,44,7469,7,0,94,1,0,10,3009,2704,0,8320,1,No,No,595,2340,311
Vancouver Public Library,Firehall Branch,BVA007,39,(604) 665-3970,1455 West 10th Avenue,Vancouver,BC,V6H 1J8,49.262674,-123.137671,29415,238491,55659,13173,154660,26,17,443,112,33,5195,0,0,0,0,0,0,3732,1690,0,7986,1,No,Yes,616,2359,311
Vancouver Public Library,Fraserview Branch,BVA008,39,(604) 665-3957,1950 Argyle Drive,Vancouver,BC,V5P 2A8,49.219808,-123.067061,30495,165592,66382,8107,132908,86,30,828,172,81,6749,52,0,727,23,11,582,3789,1274,0,7072,1,No,No,750,2359,309
Vancouver Public Library,Hastings Branch,BVA009,39,(604) 665-3959,2674 East Hastings Street,Vancouver,BC,V5K 1Z6,49.281101,-123.050147,47679,258637,87321,12961,163484,80,7,525,161,72,6765,37,1,560,8,1,37,3849,3666,0,8580,1,No,No,822,2565,311
Vancouver Public Library,Joe Fortes Branch,BVA010,39,(604) 665-3972,870 Denman Street,Vancouver,BC,V6G 2L8,49.290776,-123.136434,40481,361965,61681,38548,306157,53,2,687,217,97,8477,10,1,195,5,0,15,4360,2938,0,11514,2,No,No,438,3010,354
Vancouver Public Library,Kensington Branch,BVA011,39,(604) 665-3961,1428 Cedar Cottage Mews,Vancouver,BC,V5N 5Z1,49.249333,-123.076218,49394,249029,124135,17402,162991,115,6,1302,248,74,10667,37,0,339,33,2,363,3846,1794,0,8394,1,No,Yes,676,2354,311
Vancouver Public Library,Kerrisdale Branch,BVA012,39,(604) 665-3974,2112 West 42nd Avenue,Vancouver,BC,V6M 2B6,49.233618,-123.156225,42926,304651,118467,15074,211489,6,11,322,182,27,6727,26,0,277,0,1,16,3784,2418,0,8996,1,No,Yes,530,2562,311
Vancouver Public Library,Kitsilano Branch,BVA013,39,(604) 665-3976,2425 Macdonald Street,Vancouver,BC,V6K 3Y9,49.26465,-123.16854,62445,518408,172967,34536,312838,70,11,949,185,45,10410,9,1,195,1,0,19,5840,3963,0,13130,2,No,No,883,3213,354
Vancouver Public Library,Marpole Branch,BVA014,39,(604) 665-3978,8386 Granville Street,Vancouver,BC,V6P 4Z7,49.210001,-123.14029,31050,188354,55639,13871,133888,43,9,503,158,30,4341,18,0,292,33,0,280,3703,1560,0,7960,1,No,No,332,2384,311
Vancouver Public Library,Mount Pleasant Branch,BVA015,39,(604) 665-3962,1 Kingsway,Vancouver,BC,V5T 3H7,49.264073,-123.100364,59967,410513,133733,25667,426668,147,8,1912,266,69,16174,28,11,504,12,3,261,7861,4956,0,14768,2,Yes,Yes,1115,3915,354
Vancouver Public Library,neca?mat ct Strathcona Branch,BVA023,39,(604) 665-3967,730 East Hastings Street,Vancouver,BC,V6A 1R5,49.25454615,-123.1072302,,,,,,35,56,857,111,215,5527,11,28,910,,,,,,0,,,,,,,
Vancouver Public Library,Oakridge Branch,BVA016,39,(604) 665-3980,191 - 650 West 41st Avenue,Vancouver,BC,V5Z 2M9,49.233625,-123.12042,66672,482242,179671,23110,180536,165,35,2108,172,67,10296,34,1,354,31,0,322,6512,2720,0,14237,2,No,Yes,1210,3204,354
Vancouver Public Library,Renfrew Branch,BVA018,39,(604) 257-8705,2969 East 22nd Avenue,Vancouver,BC,V5M 2Y3,49.250885,-123.04287,74922,476001,225960,29445,332333,92,25,1136,286,43,11180,71,5,1553,26,3,284,5836,3188,0,13455,1,No,No,1486,3213,354
Vancouver Public Library,South Hill Branch,BVA019,39,(604) 665-3965,6076 Fraser Street,Vancouver,BC,V5W 2Z7,49.2296,-123.090547,33453,197675,82142,16385,148467,68,5,745,120,41,4884,12,1,65,28,2,368,3745,1092,0,8709,1,No,No,468,2394,309
Vancouver Public Library,Strathcona Branch,BVA020,39,(604) 665-3967,592 East Pender Street,Vancouver,BC,V6A 1V5,49.280215,-123.091958,,,,,,,,,,,,,,,,,,,,,,,,,325,1206,177
Vancouver Public Library,Terry Salman Branch,BVA021,39,(604) 665-3964,4575 Clancy Loranger Way,Vancouver,BC,V5Y 2M4,49.254571,-123.107211,52114,456153,283585,22640,258860,49,14,683,266,28,12307,6,0,24,7,1,106,4004,4836,0,15118,1,No,Yes,705,3914,354
Vancouver Public Library,West Point Grey Branch,BVA022,39,(604) 665-3982,4480 West 10th Avenue,Vancouver,BC,V6R 2H9,49.26388,-123.20762,37580,265462,107168,16448,166659,13,7,241,148,35,5844,25,4,401,0,0,0,3799,1690,0,8709,1,No,No,474,2462,310
Vancouver Public Library,Central Library,BVA003,39,(604) 331-3603,350 West Georgia Street,Vancouver,BC,V6B 6B1,49.280404,-123.115175,1201794,1608655,335217,290821,1848817,1008,57,25678,995,118,38948,127,4,2017,171,16,5056,135413,72194,0,337480,30,No,Yes,32499,3348,354
Vancouver Public Library,Accessible Services,BVA017,39,604-331-4100,345 Robson St,Vancouver,BC,V6B 6B3,49.279222,-123.11624,19208,55525,907,48745,2825,0,17,337,0,0,0,0,0,0,0,0,0,1915,3640,0,5252,0,No,No,271,1876,259
Vanderhoof Public Library,Vanderhoof Public Library,BVDH001,91,(250) 567-4060,230 Stewart Drive,Vanderhoof,BC,V0J 3A0,54.014086,-124.008737,21682,34554,16814,1900,6850,42,0,332,97,1,2071,20,0,0,0,0,0,0,0,1976,3848,1,No,No,616,1900,238
West Vancouver Memorial Library,West Vancouver Memorial Library,BWV001,45,(604) 925-7400,1950 Marine Drive,West Vancouver,BC,V7V 1J8,49.329034,-123.16538,205700,762197,267553,94730,509624,471,13,10273,445,106,18933,31,4,1046,232,0,3083,31668,16816,0,36327,5,Yes,No,5117,3215,338
Whistler Public Library,Whistler Public Library,BW001,48,(604) 935-8433,4329 Main Street,Whistler,BC,V0N 1B4,50.117127,-122.956295,43687,188385,78535,32904,221317,397,2,6015,442,99,13599,34,17,436,234,52,1735,8528,1560,0,15277,3,Yes,No,1154,2828,353